上映日期,中文片名,累計銷售金額,google trend,預告觀看次數,新類別,導演1_ig,演員1_ig,演員2_ig,編劇1_ig,導演1_twitter,演員1_twitter,演員2_twitter,編劇1_twitter,導演1搜尋,演員1搜尋,演員2搜尋,編劇1搜尋,like,dislike,month,revised_y,like_ratio,dislike_ratio,like_inverse,dislike_inverse,like_audience_ratio,dislike_audience_ratio
2019/10/9,電影版壞傢伙們,6038719,699,25586,1,233093,851634,-1,-1,,22000.0,,,9220,702000.0,553000.0,981000.0,91,2,10,2,0.3501545011002879,-0.3973565353135707,0.016522246197088412,1.7787101973803858,-0.04304723090811339,0.037289345922599575
2019/10/9,海獸之子,7349047,494,66209,5,-1,25507,-1,377,,4083.0,688000.0,,117000,220000.0,907000.0,6560.0,706,16,10,2,0.3454984546700065,-0.3901130355463492,-0.1267072034337495,-0.3622759434017919,-0.05742041769620126,0.031290934778669434
2019/10/9,屍樂園髒比雙拼,12929099,0,637223,2,-1,1696873,30245,-1,13474.0,50646.0,15305.0,,14600,47200.0,141000.0,10900.0,281,51,10,2,-0.5885252406126347,1.0629653477271377,-0.0946532789221466,-0.5721765454392603,-0.036556628437796106,0.053685026010406985
2019/10/9,藍波最後一滴血,24279847,647,106644,1,-1,11733130,371478,11733416,172.0,2911353.0,5784.0,2911353.0,17000,306000.0,144000.0,132000.0,1075,20,10,3,0.3731796074198973,-0.43317713005284453,-0.13398192710802279,-0.4234469759955684,-0.07081465444961031,0.02792200823507714
2019/10/9,弒婚遊戲,22393290,0,292509,1,-1,578253,119429,-1,1273.0,84154.0,15599.0,175.0,4810,31000.0,460000.0,3530.0,1621,57,10,0,0.2615961599801834,-0.25958464388286895,-0.13867010912130734,-0.5822770255373039,-0.6354587634639692,-0.34531371340904293
2019/10/4,壞壞萌雪怪,16258099,0,400564,2,-1,2651907,1615556,-1,0.0,710000.0,75000.0,0.0,204000,128000.0,2980000.0,11700.0,346,79,10,2,-0.8177995577628941,1.419651752765307,-0.10465637035932754,-0.6061857569086223,-0.020712999990500938,0.12409650651538705
2019/10/4,108悍將,5200335,0,41326,0,4512,1708115,135679,-1,1514.0,83991.0,17270.0,1395.0,11100,10900.0,7250.0,28100.0,402,10,10,1,0.3304978072894826,-0.3667762438205764,-0.11068042879237305,-0.17876284562046235,-0.04960418986043925,0.03420219340257104
2019/10/3,小丑,279742523,563,1938526,0,544045,85467,3856,544045,2092.0,11179.0,477025.0,2092.0,489000,377000.0,468000.0,179000.0,12000,218,10,3,0.3761802825578309,-0.437845337294458,-0.14665363158766445,-0.6456830210151602,-0.0006262893141111841,0.05155233434761337
2019/9/27,笑笑羊大電影外星人來了,1835349,0,10219,5,-1,-1,-1,-1,2699.0,,,23207.0,8470,,,478000.0,65,2,9,0,0.290857822952908,-0.30510756812884665,0.0822913463202569,1.7787101973803858,-0.04247218167459422,0.037326486215105814
2019/9/27,校外打怪教學,4488900,0,98205,4,-1,8330164,880639,-1,2376.0,1687133.0,376136.0,2376.0,15400,166000.0,100000.0,3920.0,1326,14,9,1,0.4287225996455657,-0.5195864168333301,-0.1366165898740147,-0.31858234869195157,-0.07624505553573331,0.031232384449656325
2019/9/27,瞞天機密,3898356,0,224077,3,-1,164657,25138,186,2405.0,47637.0,6073.0,2405.0,352000,471000.0,122000.0,57400.0,178,6,9,1,0.2712616590417438,-0.27462144414911244,-0.06384168232419896,0.14748266154634562,-0.05303903945910356,0.030726772705851307
2019/9/27,囧媽的極地任務,2195476,0,24128,0,-1,288200,303683,-1,54049.0,21495.0,101410.0,54049.0,171000,122000.0,23800.0,52200.0,76,6,9,1,-0.016945337017567008,0.17374764755283295,0.0489741048104939,0.14748266154634562,-0.04274577272336835,0.035863075730016895
2019/9/27,信用詐欺師JP,3445752,0,357249,0,-1,2749122,5704,-1,,43000.0,14000.0,34000.0,2970000,190000.0,6690000.0,32800.0,130,4,9,1,0.290857822952908,-0.30510756812884665,-0.03280457889528797,0.5552895455048558,-0.026809507321448774,0.0461679863664132
2019/9/27,無間行動,7558002,0,31611,0,-1,6036,23788,-1,48351.0,55647.0,26577.0,48351.0,112000,60700.0,157000.0,6760.0,232,8,9,2,0.26611286303371284,-0.26661136451522144,-0.08340709774005339,-0.056420780432909365,-0.04590817123941843,0.03507054324016457
2019/9/27,青春豬頭少年不會夢到懷夢美少女,8765886,0,35257,5,-1,-1,91466,-1,,103000.0,626000.0,,649000,1880000.0,5.0,5.0,592,3,9,2,0.4671322433136565,-0.5793410282047795,-0.1226260610736355,0.9630964294633657,-0.05327198069287781,0.0368917216752655
2019/9/27,只有我能喜歡妳,3331820,0,308748,0,-1,1671515,7805338,-1,2.0,1248.0,419702.0,,1370,8490.0,6920.0,114.0,2504,34,9,1,0.4077716997747716,-0.48699270441882203,-0.14192507668350823,-0.5241992649735532,11.76820151452997,2.9798427291235248
2019/9/20,殺手餐廳,1193493,0,52229,3,526680,1004109,-1,-1,513000.0,1094000.0,68000.0,,18300,327000.0,68800.0,1150000.0,88,4,9,0,0.1940297189212752,-0.15447024964074796,0.02212756723031299,0.5552895455048558,-0.043168314617582144,0.03642069152538035
2019/9/20,返校,252851718,512,1407127,4,-1,149814,19935,-1,,59744.0,5482.0,2396.0,175000,13900000.0,47100.0,25800.0,14000,339,9,3,0.3349743739929283,-0.37374052357162746,-0.14683175623383135,-0.6536954644606388,0.02906026186386699,0.06924906126823745
2019/9/20,星際救援,33548683,427,89661,2,-1,209914,1508,-1,16686.0,224254.0,41590.0,16686.0,3410000,781000.0,929000.0,945000.0,149,26,9,3,-0.5526928107006317,1.007220156691553,-0.04748124049995477,-0.47991254454366983,-0.045041382675536486,0.025918056321143572
2019/9/20,唐頓莊園,2417873,769,46384,3,-1,21369,25138,-1,1874.0,48030.0,6073.0,43314.0,137000,850000.0,122000.0,93600.0,586,8,9,1,0.40726268491044854,-0.4862008203372424,-0.12236727838042187,-0.056420780432909365,-0.053656615164626165,0.034904399987596944
2019/9/12,好小男孩,8131770,0,222160,0,-1,837321,-1,-1,,99992.0,190960.0,462.0,64500,80300.0,84800.0,56500.0,2657,64,9,2,0.33583448659560894,-0.3750786170658816,-0.14226916414921414,-0.5916673156284539,-0.21307355484608212,-0.03791561321319709
2019/9/12,再見了小Q,1114380,0,20288,3,-1,-1,187196,-1,,2027.0,504396.0,,493000,6160000.0,3430000.0,77900.0,266,13,9,0,0.171884359746947,-0.12001829422616314,-0.09165061584759664,-0.29169398271666513,-0.0463788304963143,0.03342275221945953
2019/9/12,衝擊真相,1822858,0,174021,3,-1,1569122,970,-1,245.0,958016.0,12033.0,128129.0,14600,89200.0,220000.0,81300.0,52,9,9,0,-0.5453711504287899,0.9958297108983477,0.13983930892802934,-0.12438859442599441,-0.04341532828932323,0.031179605840262848
2019/9/12,天氣之子,161790340,0,733542,5,38462,-1,-1,38462,745000.0,,,745000.0,1500000,22200.0,,343000.0,6751,73,9,3,0.42694785017556186,-0.5168254054118705,-0.14568417019318794,-0.6010943583227002,0.04627211397828584,0.05537361716089194
2019/9/12,我家有個開心農場,1647583,0,30819,3,-1,-1,-1,-1,9337.0,9337.0,1914.0,9337.0,66900,205000.0,77400.0,46100.0,234,2,9,0,0.4427427464278705,-0.541397825176159,-0.08395832343553013,1.7787101973803858,-0.0459347975692814,0.03727575695635368
2019/9/12,花椒之味,5743825,0,75218,3,15083,759476,20856,-1,,80569.0,70115.0,20846.0,414000,4040000.0,303000.0,1060000.0,298,36,9,0,-0.2628873878992244,0.5563643621811927,-0.0976908723053938,-0.5321954783845044,-0.04834844205672456,0.022308592903422134
2019/9/12,舞孃騙很大,6851569,0,93036,0,14034,106222773,949896,14034,15203.0,44190459.0,209000.0,15203.0,5760,1350000.0,13700.0,7900.0,129,19,9,2,-0.4092143539115782,0.7840079993570176,-0.031912362420748866,-0.41056886387056285,-0.0445858991736378,0.02903406278859894
2019/9/12,4x4危機四伏,836683,357,80063,4,2037,357427,7053,2037,4057.0,1661560.0,7968.0,4057.0,5870,20700.0,2000.0,14200.0,9,2,9,0,-0.788922246248331,1.3747267713747997,1.5145961934470376,1.7787101973803858,-0.04148332725307995,0.03711726173465149
2019/9/6,匿名的畫作,929115,0,8904,3,-1,-1,1685,-1,,123.0,0.0,,11100,2570.0,1330.0,6.0,93,2,9,0,0.35337140590666416,-0.402361135152742,0.012986273072186881,1.7787101973803858,-0.042984663034585695,0.037329486905959004
2019/9/6,大叔之愛電影版,6748977,0,263891,0,-1,3189,2943,-1,,8706.0,7760.0,37000.0,5,655000.0,725000.0,3.0,571,15,9,2,0.32108021427303607,-0.35212511569205057,-0.12169652814232,-0.3418855992038664,-0.1134573843546545,0.003215102952342467
2019/9/6,魔法禁界,3083507,0,785004,2,-1,18975,7717,-1,,,112187.0,,1720,508.0,12600.0,2120.0,19,4,9,1,-0.7327535625243539,1.2873440844596253,0.6395979315744742,0.5552895455048558,-0.041045028868867996,0.038856998683420706
2019/9/5,牠第二章,116212841,479,1226386,4,381684,-1,2885431,-1,1644.0,33053.0,799353.0,20.0,22900,91800.0,85500.0,34300.0,7595,182,9,3,0.33667593055692063,-0.3763876674005714,-0.14593046194124484,-0.6412427403953881,0.004391369800341832,0.058079850029407507
2019/8/30,未來無恙,1207158,0,133,3,-1,-1,-1,-1,,,,,16300,46900000.0,,,1,0,8,0,0.5029574794031513,-0.6350750276742058,14.814569773910002,-0.6681311063706744,-0.041282802231514634,0.03800802612317448
2019/8/30,極限逃生,31868118,0,91469,0,-1,10453367,38189,120,,26000.0,64000.0,7.0,182000,905000.0,1200000.0,42600.0,340,12,8,3,0.2607300308434985,-0.2582371903525173,-0.10389323858724216,-0.2603242224121644,-0.0499545546045484,0.03238135682637628
2019/8/30,巴黎之王闇黑正義,1013202,0,321965,2,-1,1123077,526590,-1,,5652.0,88179.0,,35900,34700.0,274000.0,5.0,61,3,8,0,0.16989473763362842,-0.11692300135688406,0.09738589388950869,0.9630964294633657,-0.01784827519553488,0.05913600485132224
2019/8/30,你願意嫁給我老公嗎,1639223,0,61244,3,-1,43111,1527801,-1,724.0,820207.0,852708.0,724.0,16900,1020000.0,471000.0,4920.0,243,7,8,0,0.30400800165282277,-0.32556555062065895,-0.08632655234943024,0.03096640898677132,-0.04671339075347364,0.035128530630346155
2019/8/30,使徒行者2諜影行動,4912942,651,107620,0,-1,1115,464980,-1,,26515.0,589466.0,,4520000,4110000.0,8860000.0,1160000.0,445,33,8,1,0.012421558470631958,0.12806101108603374,-0.11427697539617927,-0.5198376940221253,-0.05355679329875523,0.021284866478563043
2019/8/30,雙面特務,2597528,0,406733,1,391,894056,29695,391,20.0,7499.0,42086.0,20.0,47600,303000.0,452000.0,5330.0,0,2,8,1,-6.602381011680003,10.418834867095324,-0.14790050411083283,1.7787101973803858,-0.041264837054781754,0.040051886473889
2019/8/29,第九分局,56652782,0,610662,4,-1,2344,117963,-1,,431407.0,122682.0,9646.0,48900,390000.0,5.0,2250000.0,2818,84,8,3,0.2972895148094283,-0.31511347317364047,-0.14259089790855434,-0.6098729800908873,0.01008909710244776,0.06609179682212878
2019/8/28,劇場版FREE男子游泳部RoadtotheWorld夢,2600494,0,10391,5,-1,63022,2021,-1,,857000.0,53000.0,,3300,71800.0,1870000.0,59000.0,79,2,8,1,0.3275170228331969,-0.3621389808897729,0.04149785383879795,1.7787101973803858,-0.042733074400149076,0.037326091765463094
2019/8/23,貞子起源,3011128,0,29167,4,-1,995028,55264,-1,3125.0,1074000.0,7415.0,,77400,196000.0,519000.0,634.0,145,8,8,1,0.13143651254912989,-0.05709281095423034,-0.04471105391758572,-0.056420780432909365,-0.044141445197238255,0.03509632971069527
2019/8/23,下半場,22654911,405,178759,3,-1,158346,278,-1,,50496.0,2093.0,123.0,75000,190000.0,31900.0,1370.0,1414,46,8,3,0.27909065023203794,-0.28680115427735753,-0.13731884196230326,-0.5617467018597588,-0.10189246938700319,0.0018235381423917934
2019/8/23,光,854886,2765,101025,3,-1,35951,18230,-1,,,,,70900,18700.0,55200.0,279000.0,670,10,8,0,0.3984672074754582,-0.47251752922171264,-0.125568458919757,-0.17876284562046235,-0.0591809172113085,0.03310220628268957
2019/8/23,殺手寓言,1912920,0,26054,0,-1,-1,-1,-1,,12000.0,,35000.0,1680000,107000.0,128000.0,17200.0,105,5,8,0,0.1799875479902809,-0.1326245779119544,-0.005400787177301087,0.31060541512974976,-0.04332486422615266,0.03620833881002704
2019/8/21,全面攻佔3天使救援,146555942,607,324733,4,5911,2613532,359196,13868469,2366.0,532321.0,165859.0,,7830,75400.0,488000.0,47300.0,1632,53,8,3,0.27946612033644047,-0.2873852802422858,-0.13873232379341813,-0.5757974722668608,0.48414527315070505,0.3510463732707421
2019/8/21,航海王奪寶爭霸戰,54056953,0,394225,5,-1,-1,-1,1254,15000.0,,,,428000,147000.0,327000.0,44900.0,2779,69,8,3,0.3308126915222746,-0.3672661151955901,-0.14251638382367168,-0.597208170030064,0.13587928603259627,0.11870006590262795
2019/8/16,普羅米亞,14925052,0,48262,5,-1,-1,-1,-1,67000.0,,,,67400,596000.0,4.0,153000.0,424,20,8,2,0.18289718701201832,-0.13715115854044319,-0.1126116591155007,-0.4234469759955684,-0.05029583544256781,0.030192768387147465
2019/8/16,仙戒奇緣,1135840,0,13611,6,-1,-1,-1,-1,132.0,,,,152000,54600000.0,,,105,92,8,0,-2.815271663640758,4.527157004400904,-0.005400787177301087,-0.6149389041152167,-0.04323766731032906,0.0062954407675549365
2019/8/16,緝魔,11294649,0,502598,4,-1,19084,663567,-1,,66531.0,1049982.0,,79400,105000.0,307000.0,16000.0,144,24,8,2,-0.5120908764658711,0.9440549572928698,-0.04399446051346595,-0.4642276643914195,-0.03718654623115867,0.05047813780330583
2019/8/16,驅魔使者,28232522,0,68998,0,-1,9184925,-1,-1,,10000.0,,,3200,735000.0,701000.0,,286,13,8,3,0.1940297189212752,-0.15447024964074796,-0.09558417446740336,-0.29169398271666513,-0.0478859559104747,0.032486589337606966
2019/8/16,炫目之光,1297424,0,347199,1,12110,-1,-1,12110,48685.0,1.0,2875.0,48685.0,29100,5910.0,2150.0,9220.0,183,11,8,0,0.10007746186750836,-0.008306940857376766,-0.06613837144405234,-0.2232508693250271,-0.015754821284429205,0.06613970969015182
2019/8/14,憤怒鳥玩電影2冰的啦,19553951,0,206474,5,9794,17144,561160,445,24594.0,45787.0,11503.0,569.0,10700,50500.0,142000.0,21000.0,1545,78,8,2,0.1614809530294688,-0.10383351701984762,-0.13821605732894235,-0.605391585761673,-0.12566869600765776,-0.04016768188582557
2019/8/9,蠟筆小新電影新婚旅行風暴奪回廣志大作戰,9962290,380,333279,5,-1,-1,-1,-1,3321.0,31000.0,,,14700,605000.0,20600.0,13500.0,492,35,8,2,0.031065928761955113,0.09905561049834356,-0.11748897915550593,-0.5283116032991854,0.06446401141004184,0.17599555744265719
2019/8/9,絕世名伶,1140751,531,15923,1,280,107888,3983,-1,,1030.0,5.0,66.0,3960,23700.0,1520.0,516.0,38,4,8,0,-0.17374142450953006,0.41767829563717795,0.24584871373182063,0.5552895455048558,-0.04198447355783963,0.03661828797054855
2019/8/9,乘浪之約,3029547,0,87859,5,-1,1343877,1435747,-1,47000.0,58000.0,926000.0,,30800,49000.0,39900.0,667000.0,852,21,8,1,0.33203868408499965,-0.36917341508524804,-0.13033891927747507,-0.4350986012515259,-0.06268247343911447,0.028323137241640293
2019/8/9,懸案判決,936163,0,15315,3,879,-1,-1,879,172.0,,36.0,172.0,57900,46400.0,59200.0,2250.0,200,8,8,0,0.22967522974610707,-0.20992464710614692,-0.07308815272072867,-0.056420780432909365,-0.04504451823636022,0.03523433203486311
2019/8/9,朵拉與失落的黃金城,13895097,0,427312,5,1495,2634751,-1,-1,5525.0,1073.0,82431.0,3678.0,23000,29300.0,238000.0,186000.0,618,34,8,2,0.13243369305832398,-0.05864414359113216,-0.12368938715610658,-0.5241992649735532,-0.012757000011650048,0.06678188509936923
2019/8/7,靈異乍現,4444821,0,52552,6,6208,3054933,-1,-1,,2276775.0,,361.0,11200,862000.0,,29900.0,450,14,8,1,0.2885722663101252,-0.30155188429753893,-0.11465057015967543,-0.31858234869195157,-0.051010857277748525,0.03244531853405282
2019/8/7,在黑暗中說的鬼故事,52573629,0,373792,4,-1,20515,24684,-1,26339.0,12365.0,,8642.0,1240,150000.0,5510.0,5860.0,1735,59,8,3,0.2692813528848086,-0.2715406442899236,-0.13927660193329922,-0.585187333362164,0.10345886222692094,0.1282971811509295
2019/8/2,痛苦與榮耀,2820922,0,276710,3,72322,2303961,4961927,72322,,725634.0,,,150000,122000.0,527000.0,49300.0,47,1,8,1,0.35492959417225195,-0.40478523819984064,0.17044992733641892,4.225551501131447,-0.049674962440413695,0.03472519899262724
2019/7/31,玩命關頭特別行動,453524734,261,3118756,5,82989,163322060,24294265,4238,9402.0,14023384.0,372469.0,71151.0,38500,177000.0,374000.0,284000.0,17000,500,7,3,0.2999478082293468,-0.31924903068079064,-0.14702035880036105,-0.6583437411556702,-0.00786396935271115,0.056030824880186056
2019/7/26,人生消極掰,7419953,0,112287,0,-1,796623,2153610,-1,102056.0,136666.0,200367.0,102056.0,218000,261000.0,83900.0,45100.0,473,13,7,2,0.3128969847857003,-0.33939431032440354,-0.11626737455899176,-0.29169398271666513,-0.05464245376257777,0.03126267810876894
2019/7/26,駭客任務,3035297,692,654421,2,-1,41189,8613,-1,8019.0,252746.0,2020.0,8019.0,19200,113000.0,29300.0,8080.0,1294,28,7,1,0.35246619517446126,-0.40095288164277854,-0.13633754408145046,-0.493356727531313,-0.020658666681476947,0.04618823592688019
2019/7/26,鬼學怨,4346252,0,51667,3,31397,-1,-1,31397,14259.0,,,14259.0,55100,,,23900.0,107,13,7,1,-0.2667875237975234,0.5624318775924934,-0.008064333288208245,-0.29169398271666513,-0.04357420998497842,0.03286051792891681
2019/7/26,電影哆啦A夢大雄的月球探測記,21752086,0,130395,5,-1,-1,-1,-1,,,,555.0,298000,64400.0,1140000.0,5.0,997,48,7,2,0.17658786450172445,-0.1273356258091939,-0.13289301135454312,-0.566179385381047,-0.07234427807168929,0.010556741077725145
2019/7/26,漫長的告別,902446,624,10353,3,-1,25526,761017,-1,7723.0,4083.0,,7723.0,163000,270000.0,94400.0,58000.0,124,1,7,0,0.446114771474486,-0.5466437485160496,-0.027235421223568063,4.225551501131447,-0.04356911748916616,0.03766710253688879
2019/7/24,從前有個好萊塢,37415025,0,68282,0,494421,38353846,209206,494421,154027.0,19230446.0,224254.0,154027.0,141000,1100000.0,781000.0,141000.0,579,17,7,3,0.3002884284829943,-0.3197789400717192,-0.12205858653221309,-0.38026742357643206,-0.05462902281318041,0.03080928986651542
2019/7/19,電流大戰,22676205,0,265580,1,-1,29223,9174,2542,,318484.0,3028.0,890.0,26600,139000.0,54900.0,3690.0,1734,87,7,3,0.16349320223443414,-0.1069640112848872,-0.13927162851797192,-0.611881880997087,-0.2693144881512968,-0.17190673196464257
2019/7/19,城市獵人劇場版新宿PrivateEyes,1786088,0,43122,0,417227,417227,-1,417227,66294.0,66294.0,,66294.0,6270,26000.0,,9190.0,560,4,7,0,0.4525650078351856,-0.5566785035978261,-0.12118180718579563,0.5552895455048558,-0.052960740863403036,0.03647535437063437
2019/7/19,灼人秘密,7346364,0,110058,3,-1,6439,29762,-1,25582.0,29027.0,506859.0,25582.0,122000,177000.0,8950000.0,43800.0,714,24,7,2,0.27188956099394335,-0.27559828312885515,-0.12694466338531346,-0.4642276643914195,-0.06123064750644904,0.02569560745016307
2019/7/19,首席指揮家,1419055,0,8905,3,-1,2385,-1,-1,1402.0,1380.0,,1402.0,1870000,8110.0,,354000.0,151,2,7,0,0.4100772376896463,-0.4905794734942119,-0.04881129697162203,1.7787101973803858,-0.04405725202731349,0.03732948463410395
2019/7/17,獅子王,314146542,655,549365,0,1987908,7338981,3734887,-1,2050935.0,8220761.0,2421114.0,67.0,347000,317000.0,46100.0,15300.0,3949,93,7,3,0.33947492629312326,-0.38074211817060205,-0.14411157772997166,-0.6155108632792539,0.04894409088159932,0.076983260689038
2019/7/12,仲夏魘,2449440,0,29762,4,572,22749,404666,572,68001.0,14463.0,381803.0,68001.0,33800,21400.0,95200.0,8290.0,125,4,7,1,0.2826369060362314,-0.2923181317123599,-0.028200741886666176,0.5552895455048558,-0.043749982756680315,0.03654905990654352
2019/7/12,鱷魔,28674749,0,351040,4,-1,1956827,441,-1,25223.0,668642.0,1240.0,5421.0,141000,29200.0,166000.0,26300.0,822,62,7,3,0.004619259440305801,0.1401991957146074,-0.1296979855244328,-0.5892007417335435,0.0631947404395891,0.18255584340273104
2019/7/11,王者天下,5120007,1868,472164,0,-1,3494042,15761,-1,25000.0,,,25000.0,465000,35500.0,7180.0,227000.0,455,17,7,1,0.24704486425820704,-0.2369469170575066,-0.1150159540492486,-0.38026742357643206,-0.025995756120393364,0.04847434164463738
2019/7/10,名偵探柯南紺青之拳,109601774,0,312725,6,-1,-1,-1,-1,,,305000.0,3955.0,12700,5320000.0,109000.0,7350.0,3059,63,7,3,0.3595762094037158,-0.41201406567213,-0.14300920947924708,-0.5904536046642916,3.2406564572565704,1.278039291761658
2019/7/5,掃毒2天地對決,40770948,857,329753,0,-1,201644,465116,-1,,261000.0,589466.0,,525000,15100000.0,6420000.0,286000.0,0,0,7,3,-6.602381011680003,-0.6350750276742058,-0.14790050411083283,-0.6681311063706744,-0.041264837054781754,0.03800802612317448
2019/7/5,我的青春都是你,1744430,0,79817,1,-1,234593,521337,-1,,17322.0,976789.0,,6740000,676000.0,668000.0,,948,23,7,0,0.33465389001601153,-0.3732419405684393,-0.1321173076150303,-0.45536229734884315,-0.06425428054404882,0.027775299818238976
2019/7/5,米開朗基羅無盡之詩,1466876,0,13660,0,-1,9780,-1,-1,,695.0,,,29400,16300.0,,,77,0,7,0,0.5029574794031513,-0.6350750276742058,0.046417291707619546,-0.6681311063706744,-0.04271182043407105,0.03800802612317448
2019/7/2,蜘蛛人離家日,379559099,0,1725942,5,242025,32475777,1189032,11147,33180.0,4837722.0,104130.0,11927.0,183000,226000.0,25100.0,48500.0,13000,274,7,3,0.3562901035890193,-0.4069018085114175,-0.1467495448586774,-0.6502709508688419,0.009358719815658192,0.057583093593263385
2019/6/28,如常,10011068,857,60736,3,-1,-1,-1,-1,,,,,8300,,,,447,15,6,2,0.27226467125110115,-0.2761818492725977,-0.11442741624054015,-0.3418855992038664,-0.051266858547010845,0.03185037725038571
2019/6/28,寄生上流,145407913,0,241554,3,-1,-1,1808,-1,,,,,20600,107000.0,7200.0,6890.0,978,24,6,3,0.33276973111373465,-0.37031071881745053,-0.13260145474680338,-0.4642276643914195,-0.12308149515227097,0.0011732932792831066
2019/6/28,電影版妖怪手錶永遠的朋友,1520364,0,72094,5,-1,-1,160077,-1,,114000.0,1028000.0,,155000,13700.0,1220000.0,,54,3,6,0,0.12899229566193227,-0.05329029637054634,0.12918227881547886,0.9630964294633657,-0.04253141455094946,0.03671709621226954
2019/6/28,靠譜歌王,10597117,0,878822,0,-1,2369673,24088,-1,22118.0,20527.0,10101.0,2864.0,286000,306000.0,18500.0,36000.0,1413,32,6,2,0.3456074228532129,-0.39028255941633383,-0.13731135317097382,-0.5152035248862332,-0.027602751358860922,0.04368436379618438
2019/6/25,安娜貝爾回家囉,84077501,0,1067446,4,-1,762365,67111,-1,20.0,234360.0,493101.0,20.0,41800,164000.0,233000.0,11600.0,1659,118,6,3,0.03113421437905898,0.09894937726828408,-0.13888153468465997,-0.6266592198664191,-0.029206013611385428,0.05374364973915034
2019/6/25,九龍不敗,1509112,0,46182,3,-1,-1,71642,-1,,175.0,21855.0,,1400000,1920000.0,1870000.0,5280000.0,226,47,6,0,-0.7203059238236192,1.2679790567732956,-0.08169488341162562,-0.5640101998280761,-0.046040225549611805,0.01978831324406509
2019/6/21,恰吉,16378829,649,183560,4,2760,2263888,54109,-1,57.0,1939928.0,4283.0,575.0,14300,44500.0,55000.0,44800.0,545,36,6,2,0.0626955419177927,0.04984882122717647,-0.12044643020620746,-0.5321954783845044,-0.0655372553224065,0.008593459980432877
2019/6/21,別問我是誰,920125,865,30709,0,1535,273429,-1,1535,,19769.0,,,5220,225000.0,,1440.0,79,12,6,0,-0.43401023370671504,0.8225834199877102,0.04149785383879795,-0.2603242224121644,-0.04284082126621088,0.03361615671169869
2019/6/20,玩具總動員4,312226255,608,686853,2,-1,6038924,2608,-1,11072.0,15972377.0,416948.0,4370.0,50500,254000.0,1090000.0,12000.0,3825,171,6,3,0.19890020163157482,-0.1620473519971313,-0.14398874717540255,-0.6395130794262176,0.014437483253803013,0.08369383918725067
2019/6/20,極惡對決,28454846,0,246694,0,-1,851561,-1,-1,,22000.0,,,189000,702000.0,109000.0,,339,15,6,3,0.20188381452674645,-0.16668901518397147,-0.1037634236446947,-0.3418855992038664,-0.07201885450335221,0.013042724440826554
2019/6/19,安娜,34310260,1502,391930,4,-1,491319,713660,-1,1527033.0,4460.0,21303.0,1527033.0,290000,11400.0,334000.0,31500.0,228,8,6,3,0.26209854750202727,-0.26036621768201834,-0.0822756344703906,-0.056420780432909365,-0.02633582589504316,0.04761816323244519
2019/6/19,AI終結戰,1512423,0,50939,4,4404,1005349,203650,399,42.0,35298.0,95499.0,69.0,3360,33900.0,94100.0,18800.0,597,14,6,0,0.34015103279895464,-0.38179394988897924,-0.12283773982604083,-0.31858234869195157,-0.054113292368032084,0.03248028082154231
2019/6/14,劇場版歌之☆王子殿下真愛KINGDOM,2393486,0,5789,3,-1,-1,-1,-1,,957.0,788000.0,,12700,50500.0,15300.0,,63,0,6,1,0.5029574794031513,-0.6350750276742058,0.08959902411172005,-0.6681311063706744,-0.042417855092807516,0.03800802612317448
2019/6/14,帕爾曼的音樂遍歷,3024218,0,15887,0,-1,651,23787,-1,6.0,591.0,1195.0,,2350,12700.0,5670.0,,143,1,6,1,0.45361485099285176,-0.558311764516084,-0.04326784482397387,4.225551501131447,-0.04397260861157711,0.03766063446495395
2019/6/14,0.0赫茲,3392830,0,135238,0,-1,1977484,537987,-1,,302000.0,920000.0,,818,268000.0,710000.0,,400,23,6,1,0.11661519738208165,-0.034035009755295144,-0.11049432841578076,-0.45536229734884315,-0.05408442515850791,0.024484644079117133
2019/6/14,火箭人,7789444,677,355639,1,-1,2115997,15782,245,33120.0,452263.0,153790.0,27623.0,59300,33600.0,160000.0,357000.0,382,22,6,2,0.1160331061263455,-0.03312943934517197,-0.10873173374952176,-0.4456909878478508,0.0026344822083698015,0.084391204480384
2019/6/14,懸案密碼第64號,4564878,0,27498,1,-1,115970,24069,-1,7.0,117.0,4836637.0,,30800,26600.0,884000.0,5970.0,278,6,6,1,0.35284469438026794,-0.4015417200382298,-0.0940786685783838,0.14748266154634562,-0.04674712422981242,0.035837266990618406
2019/6/12,追龍II賊王,11761043,0,129535,0,-1,-1,465180,-1,,2275.0,589466.0,,2000000,3890000.0,6420000.0,3040000.0,36,5,6,2,-0.36354721463137973,0.7129627643708588,0.2677236702786347,0.31060541512974976,-0.04238164289297653,0.03516232961908943
2019/6/12,MIB星際戰警跨國行動,94515920,0,630431,2,135,38723966,31831,-1,23.0,6605252.0,6107.0,5226.0,108000,209000.0,98400.0,84500.0,2274,94,6,3,0.2209043467334653,-0.1962796180000775,-0.14132070187775422,-0.6160706530993754,-0.002361982116613945,0.06751076043345214
2019/6/11,逆轉劫局,935268,0,15695,3,17008,13472688,352152,-1,9484.0,,383869.0,,3520,9470.0,286000.0,1480.0,180,5,6,0,0.31092130396847184,-0.3363207061939482,-0.06477566923293933,0.31060541512974976,-0.044670978796557126,0.03627221040382688
2019/6/6,X戰警黑鳳凰,105423917,0,953747,2,39655,3637743,94037,39655,20803.0,33053.0,471025.0,20803.0,102000,94000.0,861000.0,56800.0,985,82,6,3,-0.043094775769124946,0.21442882553207482,-0.13271017895548173,-0.6084520501816242,-0.03284532922447684,0.05086704187299954
2019/6/6,爺爺與喵,1478990,0,27233,3,6649,-1,1048131,-1,60300.0,,294000.0,4760.0,84000,1060000.0,851000.0,84000.0,424,7,6,0,0.3875575503136334,-0.45554516859442223,-0.1126116591155007,0.03096640898677132,-0.04961840718875056,0.03547786774163456
2019/6/6,寵物當家2,57589899,0,1165991,0,-1,81966022,-1,2547,224.0,35809965.0,1720196.0,31022.0,42700,601000.0,83300.0,76700.0,2457,97,6,3,0.23309928299161373,-0.2152515117021445,-0.14181077261794686,-0.6176807702108588,-0.025455791529523358,0.0494582935263208
2019/6/6,亡命之途,1612662,0,123207,4,-1,2859,-1,-1,,,,,19500,407000.0,1120000.0,30800.0,157,9,6,0,0.11772828410346213,-0.035766659885496314,-0.05259814565210142,-0.12438859442599441,-0.045968184105959875,0.033061579990573464
2019/5/31,紅色密令,1249285,0,21658,1,-1,1434,-1,-1,1459.0,7326.0,,192.0,30900,45000.0,,13800.0,48,2,5,0,0.21874393975982487,-0.19291863188342456,0.16381762668126784,1.7787101973803858,-0.04219208472273183,0.03729921926789199
2019/5/31,出發,15405191,2072,128694,3,-1,25143,-1,-1,,299336.0,,,34600,275000.0,,138000.0,2602,37,5,2,0.40333734898629764,-0.48009410076762277,-0.14215013121382253,-0.5358694142760225,-0.12160558308007474,0.017048874802065413
2019/5/31,恐怖大媽,17802279,0,1095973,4,-1,796130,978302,3822,2974.0,411255.0,309009.0,,364000,162000.0,406000.0,6170.0,1663,52,5,2,0.28751864468809324,-0.29991274515058153,-0.13890322793643667,-0.5740218254571722,-0.029614322218752993,0.04469145934094067
2019/5/29,哥吉拉II怪獸之王,259835598,0,1402583,2,-1,763423,7058,-1,38865.0,234360.0,87818.0,38865.0,17700,164000.0,205000.0,27100.0,5233,151,5,3,0.3036807126584342,-0.3250563809226829,-0.1450412512390536,-0.6357226122812564,-0.014869237287489503,0.0519813957843424
2019/5/29,CODEGEASS復活的魯路修,6584419,523,321307,2,-1,4159,-1,-1,,113000.0,,21000.0,705000,1850000.0,686000.0,362000.0,5791,81,5,2,0.4049444654764251,-0.48259432238191485,-0.1453167585957196,-0.6077152717101545,2.288309526255721,0.6358018632525666
2019/5/24,鬼入鏡靈之鬼跡,2060944,0,38806,6,7862,1318830,3760874,7862,,26148.0,338893.0,,5710,41000.0,32100.0,1970.0,70,4,5,0,0.11888512853379156,-0.037566384713690615,0.06584907128946477,0.5552895455048558,-0.0427033480079589,0.03649996645392242
2019/5/24,城市獵人,4476479,1024,306661,0,417235,417235,-1,417235,66294.0,66294.0,,66294.0,62300,27400.0,,9190.0,1370,132,5,1,-0.12147972487313113,0.33637377799129214,-0.13697899295899282,-0.6310577532835372,-8.303153497481759,-14.566135862938248
2019/5/24,完美搭檔,3143837,705,64078,0,-1,1198,4001114,-1,,,774000.0,,14200,126000.0,1430000.0,8270.0,308,2,5,1,0.4571165859122921,-0.5637594799660152,-0.09932105515621975,1.7787101973803858,-0.048251199213861354,0.03717573785064241
2019/5/24,五月天人生無限公司,54167349,574,1420876,0,-1,-1,-1,-1,209.0,9272.0,2275.0,,108000,9490000.0,3890000.0,,2416,177,5,3,0.01794208683789185,0.11947262036829581,-0.14170742866463215,-0.6404831820345043,-0.02927861247806671,0.05411827123374655
2019/5/24,選情尬翻天,2865878,0,19409,0,-1,4881051,7333394,-1,25903.0,709090.0,8220761.0,4346.0,289000,121000.0,318000.0,56800.0,269,19,5,1,0.034202509505304374,0.09417597232795072,-0.09227793802153607,-0.41056886387056285,-0.046420731941693376,0.031326913742129196
2019/5/22,阿拉丁,290321074,672,596449,2,352418,40459777,55095,352418,39435.0,417509.0,11239.0,39435.0,58200,1100000.0,18500.0,62900.0,3454,101,5,3,0.3010899160840517,-0.3210258295387002,-0.14356857872634504,-0.6196788033260989,0.024776225306409123,0.07343683019410359
2019/5/17,我的第一任,894913,0,199542,3,-1,20001,-1,-1,,10046.0,13019.0,,15700,2510000.0,469000.0,,1052,36,5,0,0.2678543675658411,-0.2693206561560963,-0.13367762361841762,-0.5321954783845044,-0.09504834094635078,0.004242054248383224
2019/5/17,你的臉+光,1488500,2481,7493,3,-1,-1,-1,-1,16817.0,5520.0,131820.0,,292000,201000.0,352.0,,95,0,5,0,0.5029574794031513,-0.6350750276742058,0.009599183026228555,-0.6681311063706744,-0.043013387979163806,0.03800802612317448
2019/5/17,醜娃娃大冒險,1383780,0,20141,2,-1,4573411,-1,-1,1040.0,12357120.0,,608.0,47800,87000.0,,29800.0,67,13,5,0,-0.6516600253978612,1.1611853302258428,0.07541994779992585,-0.29169398271666513,-0.04255228942104907,0.03342509721293719
2019/5/17,狗狗的旅程,12429391,0,1039928,2,-1,18240,875965,12734,436.0,1433.0,376136.0,1699.0,93600,35700.0,33300.0,77000.0,3054,33,5,2,0.4270014799843807,-0.516908838322928,-0.14300120146577036,-0.5198376940221253,-0.018232021544822643,0.042574020132002385
2019/5/17,樂獄,5253316,0,68922,1,-1,41493,104376,-1,,26019.0,284599.0,,332000,118000.0,452000.0,1120000.0,518,49,5,1,-0.11108411859168958,0.32020113607130907,-0.11901542635403588,-0.5682600327481823,-0.053253114542907896,0.017203084175756753
2019/5/15,捍衛任務3全面開戰,142867200,0,406743,1,9914,41086,5776345,-1,37.0,252746.0,248371.0,8.0,52200,113000.0,408000.0,21400.0,1348,49,5,3,0.25373658744676314,-0.24735735777892517,-0.1368007487117076,-0.5682600327481823,0.033815103011843185,0.08807755515050703
2019/5/10,芭蕾王者,960384,0,5305,3,-1,-1,1546,-1,1550.0,,13.0,,1940,389.0,944000.0,,64,4,5,0,0.0849963916923774,0.01515496613576656,0.08588809398324268,0.5552895455048558,-0.042434281440204565,0.036667105742498034
2019/5/10,P風暴,2539150,0,136541,0,-1,464396,71503,-1,,589466.0,21855.0,,843000,6420000.0,1870000.0,92700.0,438,32,5,1,0.019189752350681284,0.11753160345903882,-0.11373961306512317,-0.5152035248862332,-0.05540922730882639,0.019049546796035252
2019/5/9,詐騙女神,84441473,0,1253455,0,-1,16010492,6826690,-1,364355.0,30401.0,2843183.0,,342000,201000.0,92400.0,11500.0,8142,110,5,3,0.40824259403970664,-0.48772528356070016,-0.14606281431986984,-0.6236430826661097,0.00627889447162165,0.04979217588332332
2019/5/9,名偵探皮卡丘,160781606,485,2639272,0,224639,-1,-1,224639,873.0,,,7828.0,39100,,,26100.0,9197,282,5,3,0.29157384669026487,-0.3062214998416277,-0.1462736181395356,-0.650777621946908,-0.019479124506820805,0.05026316090684015
2019/5/7,赤手登峰,1301080,0,15393,0,2583363,1855256,-1,-1,,136664.0,,,90400,277000.0,,,147,2,5,0,0.407583808381901,-0.48670039821421207,-0.04611499201545303,1.7787101973803858,-0.04404364434225985,0.03731441748809614
2019/5/3,阿虎,1138402,1204,28362,1,-1,36247,-1,-1,2185.0,158562.0,,,1460000,1200000.0,67200.0,84.0,133,75,5,0,-2.0590636111316405,3.3507097901513454,-0.03540072758436042,-0.6028820049373128,-0.04389577393061235,0.010789572248327496
2019/5/3,柏林我愛你,989053,0,18553,3,347569,164724,711588,-1,49842.0,47637.0,21303.0,1339.0,112000,471000.0,338000.0,354.0,79,2,5,0,0.3275170228331969,-0.3621389808897729,0.04149785383879795,1.7787101973803858,-0.04277453724817703,0.03730683402029809
2019/5/3,大冒險家,4240573,788,145716,5,-1,10830,7148111,-1,12971.0,14029834.0,3474205.0,12971.0,432000,560000.0,40500.0,191000.0,85,6,5,1,0.03447362284821811,0.09375419615675225,0.028128557983529895,0.14748266154634562,-0.04416534710618958,0.0342518140811043
2019/5/3,幻術,2428280,880,625688,3,-1,-1,-1,-1,,,,,3480,977000.0,205000.0,4110.0,410,143,5,1,-1.334408531853433,2.2233501349877156,-0.11140667416444056,-0.6339095496748554,-0.03414610982432868,0.0835590280724507
2019/5/3,福爾圖娜之瞳,1986035,0,44332,6,726,11634,3417313,726,17800.0,508000.0,333000.0,17800.0,329000,249000.0,4770000.0,47000.0,339,4,5,0,0.4200963891281294,-0.5061664574728119,-0.1037634236446947,0.5552895455048558,-0.04837757996487832,0.03646830947456432
2019/4/26,幸福的拉札洛,1549663,0,12368,3,-1,-1,-1,-1,217173.0,550.0,,217173.0,8600,48700.0,10300.0,8040.0,43,1,4,0,0.3414725136967161,-0.38384980279308006,0.20006392095941908,4.225551501131447,-0.042069356202392355,0.037664775503141144
2019/4/24,復仇者聯盟終局之戰,910450769,609,3133317,2,2922524,3953254,44119041,-1,66859.0,13331388.0,14590618.0,804.0,406000,1150000.0,216000.0,82900.0,31000,610,4,3,0.3658408555638372,-0.4217600945578055,-0.1474178437792838,-0.6601086758665726,0.019328772250293103,0.059882537700906166
2019/4/19,牛津解密,2652653,0,44939,1,-1,408247,374782,-1,445.0,30182.0,30365.0,445.0,7170,84400.0,362000.0,4110.0,130,6,4,1,0.18948666362007127,-0.14740253231672648,-0.03280457889528797,0.14748266154634562,-0.043998741521089825,0.03569311333680842
2019/4/19,原本以為只是手機掉了,1949391,0,40812,4,-1,109079,3183,-1,3125.0,1297.0,8706.0,3125.0,77400,1910000.0,655000.0,155000.0,129,0,4,0,0.5029574794031513,-0.6350750276742058,-0.031912362420748866,-0.6681311063706744,-0.043935741821233915,0.03800802612317448
2019/4/19,淪落人,3210600,0,284171,3,-1,-1,5385,-1,3523.0,2671.0,,3523.0,282000,2860000.0,5420.0,119000.0,2389,63,4,1,0.3203978036534616,-0.3510634765443198,-0.14163743576507276,-0.5904536046642916,-0.6050173904776331,-0.23473667560386088
2019/4/19,魔力女聲,1775826,0,151764,0,20145,3664051,63068,20145,47138.0,7223.0,163425.0,47138.0,80800,347000.0,820000.0,19700.0,72,4,4,0,0.12899229566193227,-0.05329029637054634,0.05991158308390094,0.5552895455048558,-0.04381710630270495,0.03540668453705282
2019/4/19,電影刀劍亂舞,3317541,0,23877,3,-1,-1,-1,-1,,227000.0,61300.0,,1400000,1930000.0,225000.0,1120000.0,287,29,4,1,-0.14911472389245498,0.3793660702635043,-0.09576646133027245,-0.49938343024991166,-0.04685236992429777,0.027649938196309554
2019/4/17,哭泣的女人,31268319,502,734593,4,10673,397340,3946,10673,276169.0,66643.0,9314.0,41.0,14900,12500.0,247000.0,1340.0,639,43,4,3,0.05496692937884643,0.061872370383110616,-0.1244850576663558,-0.5543245341031833,-0.03299962625727758,0.048211896499945894
2019/4/12,禁入墳場,21449157,434,232194,4,1814,16441,25157,-1,,8246.0,179539.0,96.0,38100,871000.0,84400.0,43700.0,185,12,4,2,0.07014498248438074,0.038259585205156474,-0.06702228639180131,-0.2603242224121644,-0.05481973802611753,0.02187747269788548
2019/4/12,沒有你的生日,2786214,0,70748,3,-1,3782,35226,-1,,,,,134000,93600.0,244000.0,381000.0,362,3,4,1,0.44455743701068723,-0.5442209737445932,-0.10656771328757088,0.9630964294633657,-0.04970734067828843,0.0367244331200828
2019/4/12,女王的柯基,23219463,0,62781,3,-1,-1,-1,-1,388.0,115.0,3820.0,,8880,367.0,979000.0,,336,12,4,3,0.2579458072968359,-0.2539057209580151,-0.10336934256910417,-0.2603242224121644,-0.048845942189885694,0.03304075472468464
2019/4/12,十二個想死的少年,4306354,0,123374,4,-1,5853,816717,-1,,,,,2610,32600.0,9990.0,5170.0,338,13,4,1,0.23979679454821926,-0.22567095749755653,-0.10363284056639252,-0.29169398271666513,-0.05139969417644878,0.030856681886366154
2019/4/12,異類占領,1107394,0,45887,4,-1,762209,-1,-1,494.0,234360.0,47802.0,1141.0,31300,35400.0,380000.0,931.0,277,14,4,0,0.16111988876684796,-0.10327180249629021,-0.093884365923032,-0.31858234869195157,-0.0471112594238138,0.032586995568264054
2019/4/11,地獄怪客血后的崛起,31441007,591,212796,2,1583,2953130,158816,-1,8574.0,1362170.0,12374.0,940.0,267000,571000.0,117000.0,7590.0,1700,81,4,3,0.17980620608606243,-0.13234246087109972,-0.13909905100611472,-0.6077152717101545,-0.14033104310176428,-0.048589409130085554
2019/4/4,LoveLiveSunshine學園偶像電影彩虹彼端,2321284,0,8100,0,-1,4267,71383,-1,748.0,295000.0,294000.0,,7450,197000.0,16300.0,17100.0,110,0,4,1,0.5029574794031513,-0.6350750276742058,-0.011878047037916185,-0.6681311063706744,-0.04329357864031186,0.03800802612317448
2019/4/4,奇幻遊樂園,11585892,0,315247,2,18078,7833831,4491,-1,55684.0,39132.0,65033.0,11014.0,190000,245000.0,116000.0,7760.0,137,36,4,2,-0.9756100678742682,1.6651605573645403,-0.0386853925924326,-0.5321954783845044,0.057389402856874175,0.5136071979192415
2019/4/4,我和我的摔角家庭,11192067,0,957349,0,371062,163050050,3864818,371062,634481.0,14023384.0,1259882.0,634481.0,87200,177000.0,318000.0,30000.0,1262,18,4,2,0.40303865687229457,-0.47962941977900925,-0.13604434699671175,-0.39625985039833445,-0.030537408563035485,0.04081508925138044
2019/4/3,沙贊,130867752,0,926074,2,63907,3346,258249,-1,46319.0,8150.0,79430.0,1225.0,49700,523000.0,55700.0,47300.0,4795,199,4,3,0.21982524878129517,-0.19460084484298104,-0.14478007235316429,-0.6435397364837292,0.0015553219980067902,0.07061091938930611
2019/4/3,侵密室友,5912210,0,214674,1,-1,-1,-1,-1,7848.0,7848.0,3115.0,3115.0,466000,701000.0,677000.0,107000.0,1001,26,4,2,0.3230754922871219,-0.3552292075534582,-0.13295298135556727,-0.47991254454366983,-0.10077652198083964,0.009649417557078457
2019/3/29,他們不再老去,1563649,0,432782,0,27013,-1,-1,-1,41950.0,,,,269000,,,,1570,8,3,0,0.4669354845180658,-0.5790349268135238,-0.1383702682649597,-0.056420780432909365,0.027993954552467563,0.04448256205904329
2019/3/29,屍降,7242638,0,46318,3,-1,1068342,-1,-1,,566.0,,,26600,39900.0,397000.0,3410.0,86,12,3,2,-0.3670839684845821,0.7184649594404305,0.02608170842429312,-0.2603242224121644,-0.04308296623381429,0.033353762990789654
2019/3/29,小飛象,86346048,648,362707,0,186782,515006,31170,-1,123198.0,53413.0,53959.0,101.0,589000,1740000.0,283000.0,12100.0,2759,91,3,3,0.2760852679334789,-0.28212562401665237,-0.1424773543181468,-0.6143543744201018,0.23514920960024144,0.20526845345473965
2019/3/29,愛上觸不到的你,28219672,0,169077,0,2855300,29643887,1837720,556,255406.0,9882355.0,23177.0,41.0,8640,35800.0,128000.0,1340.0,2427,18,3,3,0.45064823897799955,-0.5536965499213012,-0.14173549781580985,-0.39625985039833445,-0.13805199234629037,0.024838690815532156
2019/3/29,失控危城,33220188,0,79332,3,-1,1239908,15667,-1,33.0,244476.0,2527.0,683.0,21800,123000.0,90300.0,310000.0,434,9,3,3,0.35860523014864004,-0.4105034948233575,-0.1134247661430429,-0.12438859442599441,-0.05176717603213526,0.034012424206960136
2019/3/22,庫爾斯克號深海救援,15326124,582,66083,0,-1,65976,24855,-1,853.0,2335.0,42832.0,,12300,55200.0,285000.0,9500.0,312,6,3,2,0.36889448900535593,-0.4265106900370449,-0.09994386860435582,0.14748266154634562,-0.048400688677890547,0.035490431115814146
2019/3/22,騙局,1427918,921,14225,3,1275,24946,-1,1275,,131463.0,,,5150,162000.0,,1570.0,98,2,3,0,0.36085070958148807,-0.41399682977881513,0.00477776403223687,1.7787101973803858,-0.0431099992425444,0.03731717913695884
2019/3/22,跳痛先生,2912527,0,41001,0,-1,53383,1726073,-1,11336.0,3902.0,105420.0,11336.0,105000,82000.0,134000.0,54300.0,475,29,3,1,0.0941185582892395,0.0009634384930885662,-0.11640056668342057,-0.49938343024991166,-0.05110653664452246,0.02698456705448069
2019/3/22,我們,63212121,1826,1285658,4,1266072,8330798,844173,1266072,1608442.0,1687133.0,131019.0,1608442.0,163000,166000.0,126000.0,15900.0,3110,85,3,3,0.3139265649298902,-0.34099604768816194,-0.14308942042015088,-0.610558369811826,-0.02370247768801269,0.04681415014225828
2019/3/22,來了,1821315,2016,68939,3,-1,1722117,-1,-1,,24500.0,,,60100,1330000.0,13700000.0,58600.0,224,8,3,0,0.2579458072968359,-0.2539057209580151,-0.08110376179823985,-0.056420780432909365,-0.04644932635413436,0.03461105893257269
2019/3/22,老大人,13445081,0,222673,3,-1,-1,-1,-1,,482.0,6072.0,,21700,53600.0,140000.0,4080000.0,491,11,3,2,0.3472628112718472,-0.39285787858563037,-0.11742704122280671,-0.2232508693250271,-0.07320604241624541,0.024879804632085924
2019/3/22,幼女戰記劇場版,1894592,0,32421,5,-1,5183,-1,-1,1058.0,624000.0,114000.0,1058.0,1320000,1030000.0,132000.0,968000.0,319,10,3,0,0.28698974411187034,-0.29908992448972155,-0.10099620856844779,-0.17876284562046235,-0.047668216408500615,0.034325363368544415
2019/3/15,厄夜追緝令,2096987,0,22625,0,-1,2011,-1,-1,,34.0,,,31800,9450.0,,50100.0,35,1,3,0,0.3055869657619525,-0.32802197504171887,0.27959864668976236,4.225551501131447,-0.041943249590215906,0.03765242000785653
2019/3/15,苦兒流浪記,1134177,900,169066,0,-1,-1,3488,-1,8.0,420.0,,8.0,148000,64700.0,228.0,119000.0,110,3,3,0,0.3143201743301469,-0.3416083932997935,-0.011878047037916185,0.9630964294633657,-0.045651215946900615,0.03581331121487242
2019/3/15,假面飯店,11317083,445,419422,1,-1,-1,2748552,-1,,,43000.0,,1230000,2160000.0,190000.0,971000.0,0,0,3,2,-6.602381011680003,-0.6350750276742058,-0.14790050411083283,-0.6681311063706744,-0.041264837054781754,0.03800802612317448
2019/3/15,情敵,1743491,0,34163,1,-1,164714,33793,-1,59731.0,47637.0,,241.0,532000,469000.0,234000.0,3120.0,101,14,3,0,-0.36204024994610207,0.7106183508194761,0.00024276596858134752,-0.31858234869195157,-0.04330515646945088,0.03281944961275429
2019/3/15,活個精彩,6445334,0,46311,0,2171,81876202,1930479,-1,8163.0,35809965.0,2206947.0,727.0,132000,1370000.0,46000.0,442.0,213,6,3,2,0.3082906714282704,-0.33222818124216386,-0.0776541647774017,0.14748266154634562,-0.04576775728012504,0.0356809569069566
2019/3/15,鬼裔,7330663,0,45915,4,-1,2678579,819568,-1,15891.0,655098.0,4108.0,333.0,203000,147000.0,848000.0,46200.0,88,5,3,2,0.12095003364599279,-0.040778796772618135,0.02212756723031299,0.31060541512974976,-0.043122382985005314,0.03607173660520292
2019/3/9,Fate_staynight[Heaven'sFeel]II.迷途之蝶,15706009,0,105830,0,-1,-1,-1,-1,,,67700.0,,327000,422000.0,43900.0,33200.0,1323,22,3,2,0.3867363293631295,-0.45426757958132125,-0.13659100276690175,-0.4456909878478508,-0.07748499696629386,0.026958170560671565
2019/3/8,滾滾紅塵(數位修復版),3123702,0,3378,0,8600,8708,4673,8600,51000.0,15000.0,379.0,2569.0,877000,6740000.0,7920000.0,9840000.0,77,4,3,1,0.15207656626324245,-0.08920293410534014,0.046417291707619546,0.5552895455048558,-0.04266291202551329,0.036675600032725415
2019/3/8,乳房,1254938,0,344125,3,-1,43721,24505,-1,304.0,331242.0,15000.0,304.0,176000,106000.0,18000.0,99400.0,867,298,3,0,-1.314545413594943,2.1924487050651242,-0.13064275292511102,-0.6517093526542244,0.08975932822570619,0.8642209220971684
2019/3/8,限時好友,13074595,0,461161,0,23490,6020717,2971708,23490,10100.0,37100.0,,10100.0,570000,1480000.0,25400.0,211000.0,2573,29,3,2,0.42376654310745115,-0.5118761856494877,-0.14208531939337432,-0.49938343024991166,0.051266922119300146,0.05714143849602284
2019/3/8,RBG不恐龍大法官,1111048,0,20739,0,-1,39514,-1,-1,61564.0,41339.0,11403267.0,,160000,31500.0,74700.0,,193,0,3,0,0.5029574794031513,-0.6350750276742058,-0.07037475137497361,-0.6681311063706744,-0.04498120025775633,0.03800802612317448
2019/3/6,驚奇隊長,404391001,314,1807296,2,-1,6655546,211614,-1,7.0,1902716.0,266989.0,7.0,56400,82600.0,110000.0,12900.0,9569,387,3,3,0.22676563568587732,-0.20539813642512905,-0.14633686420300332,-0.6554859316742866,-0.0060233705408716245,0.06415622528425927
2019/2/27,溫泉屋小女將,1049261,0,12034,2,-1,-1,22371,-1,,2602.0,115000.0,,1090000,1570000.0,98500.0,667000.0,166,2,2,0,0.4183701164140664,-0.5034808622602828,-0.05776514099022541,1.7787101973803858,-0.044367145201000185,0.03732230071439896
2019/2/27,酷寒殺手,25052188,0,91414,1,-1,31830,685534,-1,,6107.0,131950.0,398.0,5780,377000.0,35600.0,71400.0,616,20,2,3,0.27951916207349237,-0.28746779827893754,-0.12361077963352629,-0.4234469759955684,-0.05700455481770447,0.028632630023775193
2019/2/27,法律女王,1793707,0,18992,3,6958,92076,1239945,-1,689.0,26105.0,244476.0,,63000,707000.0,123000.0,558.0,151,2,2,0,0.4100772376896463,-0.4905794734942119,-0.04881129697162203,1.7787101973803858,-0.04415485620473237,0.03730576735549859
2019/2/27,密弒遊戲,22061612,0,193165,1,5510,53922,5510,-1,9371.0,31201.0,9371.0,,12000,120000.0,9820.0,1130.0,406,28,2,2,0.04454854449456029,0.07808044940769936,-0.111047129041816,-0.493356727531313,-0.06086466495460606,0.013209397949407191
2019/2/22,雞不可失,117559060,317,252690,0,166837,52425,-1,166837,,,,,151000,265000.0,,65600.0,497,39,2,3,-0.014035433194316762,0.16922065496760705,-0.11779493011079094,-0.5426520651526714,-0.09127810013154852,-0.033992689036340604
2019/2/22,梵谷在永恆之門,2608379,0,25535,0,-1,3658,707022,-1,928.0,446940.0,163671.0,928.0,92300,217000.0,45600.0,71600.0,208,8,2,1,0.23979679454821926,-0.22567095749755653,-0.0759655508511173,-0.056420780432909365,-0.045338143462489336,0.03513382513999153
2019/2/22,在地下城尋求邂逅是否搞錯了什麼─獵戶座之箭─,5270643,0,51713,3,-1,-1,148935,-1,,,460000.0,,51700,42900.0,491000.0,457.0,573,16,2,1,0.3099431910205866,-0.3347990373239299,-0.12178799053662545,-0.3622759434017919,-0.05363407622021554,0.031671492425688404
2019/2/22,七龍珠超布羅利,26065000,0,196696,0,-1,-1,-1,238214,5202.0,39500.0,144000.0,,197000,886000.0,568000.0,22900.0,1258,34,2,3,0.31597488753254216,-0.3441826620223761,-0.13600664856391645,-0.5241992649735532,-0.10392930020362942,0.006936470257296099
2019/2/22,嬰魂不散,6299695,310,41820,4,-1,6242,-1,-1,2244.0,,,2244.0,326,244.0,713000.0,249.0,241,6,2,2,0.3303581638302811,-0.36655899784174756,-0.08581556519788333,0.14748266154634562,-0.046273593016825466,0.035720281826221285
2019/2/21,證人,14700084,1346,13470,3,-1,-1,992910,-1,,,56400.0,,7720000,1210000.0,21600000.0,3460000.0,55,3,2,2,0.13543997124367782,-0.06332106759991976,0.12414441003500047,0.9630964294633657,-0.04229772890750007,0.03697441584755618
2019/2/14,一吻定情,24703070,435,870791,0,-1,948355,444999,-1,65040.0,967537.0,2516.0,65040.0,73000,12300000.0,7830000.0,246000.0,6586,517,2,3,-0.014212730351880618,0.16949647951935287,-0.14562864406254544,-0.6586655694122565,0.023322226299903926,0.13102404688338157
2019/2/14,愛欺,4272420,0,16670,3,765,287886,44232,-1,,51054.0,12707.0,29529.0,374,394000.0,31800.0,40600.0,151,6,2,1,0.23141588101780786,-0.21263261131358682,-0.04881129697162203,0.14748266154634562,-0.04413178825781346,0.03591806597305333
2019/2/14,祝你忌日快樂,29789520,0,380537,4,11065,309705,877674,11065,13050.0,17564.0,284.0,13050.0,35200,7530.0,6810.0,6330.0,3151,74,2,3,0.3399202551116305,-0.3814349246624398,-0.14315202100133717,-0.6020002603233485,0.19727461091374357,0.14078289411066666
2019/2/14,樂高玩電影2,9681615,0,715795,0,-1,27132773,3049630,-1,66282.0,7536107.0,2276775.0,1217.0,607000,149000.0,843000.0,18200.0,128,12,2,2,-0.10607153411826216,0.3124029633060396,-0.031006205063795086,-0.2603242224121644,-0.03953296805819141,0.04098674635536836
2019/2/8,我想有個家,3367695,1242,28225,3,250961,4505,-1,250961,761433.0,8.0,,761433.0,45800,8550.0,,11100.0,302,6,2,1,0.36454179451192137,-0.4197391206332409,-0.09835590054122745,0.14748266154634562,-0.04723591431824031,0.03583161769307522
2019/2/5,神探蒲松齡,6550702,0,30499,0,-1,1078179,11441,-1,,61648504.0,100113.0,,8080000,17700000.0,2430000.0,19700.0,224,167,2,2,-2.531803461801163,4.086160144772115,-0.08110376179823985,-0.6388276177029971,-0.04573006370975758,-0.02306583294341989
2019/2/5,廉政風雲煙幕,10304150,0,538753,3,-1,1115,-1,-1,,26515.0,1060329.0,,1040000,4650000.0,2130000.0,400000.0,357,51,2,2,-0.385209831982243,0.7466637091719854,-0.10598882265979409,-0.5721765454392603,-0.032735356330938783,0.06036268016817979
2019/2/5,艾莉塔戰鬥天使,276857126,0,1918689,2,168926,282468,9087,192497,740120.0,5841.0,13852.0,704955.0,256000,342000.0,115000.0,366000.0,2386,124,2,3,0.1519367730707564,-0.08898545518359952,-0.1416295609934729,-0.628665924052109,-0.03308504956476528,0.045806985674368764
2019/2/1,福爾摩濕與滑生,5728516,0,58740,0,-1,109818,3168,-1,4333.0,13813332.0,33775.0,4333.0,26300,238000.0,649000.0,2060.0,142,14,2,1,-0.13470110312995243,0.35694252698459816,-0.04253099511068613,-0.31858234869195157,-0.04441672626360565,0.032306986810228415
2019/2/1,瘋狂電視台瘋電影,6299137,0,441515,0,13384,-1,898673,13384,1319.0,26000.0,717133.0,1319.0,28700,183000.0,161000.0,12700.0,322,149,2,2,-1.7448035294533033,2.861809418866473,-0.10143320511076814,-0.6352875989377743,-0.02798633701337996,0.15073369401968165
2019/2/1,愛滿人間,18135124,0,152498,0,-1,214286,24847,-1,1319.0,26000.0,717133.0,1319.0,28700,183000.0,161000.0,12700.0,940,48,2,2,0.15775884825741088,-0.09804296800928934,-0.13198298253847027,-0.566179385381047,-0.07474384219890645,0.006644178945734212
2019/2/1,飆風特警隊,3509235,0,35335,4,-1,2193711,38126,-1,,,64000.0,,132000,344000.0,272000.0,53000.0,90,4,2,1,0.20060264999535782,-0.16469588321592793,0.0183491656449542,0.5552895455048558,-0.0430907704033464,0.036519193749561044
2019/2/1,日日是好日,2224635,1233,32458,3,-1,-1,183931,-1,,,,,295000,184000.0,13700000.0,10200.0,162,7,2,1,0.2086535182340266,-0.17722077167783468,-0.05553957646872894,0.03096640898677132,-0.04451714729107772,0.03542981550493039
2019/2/1,大三元,23605217,1042,236300,0,-1,159786,981406,-1,,261962.0,1586173.0,,16700,359000.0,351000.0,,568,81,2,3,-0.3838413153237143,0.7445346818424843,-0.12155812686079617,-0.6077152717101545,-0.08527946153494464,-0.07714545869612466
2019/1/30,馴龍高手3,166731008,704,1329461,2,21035,287101,67304,21035,16543.0,21495.0,18221.0,16543.0,12300,414000.0,128000.0,6680.0,6583,202,1,3,0.2914205044291206,-0.3059829423767194,-0.14562760873212696,-0.6439049548483867,-0.005683722241318736,0.05803846507555574
2019/1/25,驚濤佈局,16675266,0,166316,0,-1,16000678,1759988,-1,45423.0,30401.0,2491818.0,45423.0,940000,193000.0,650000.0,627000.0,111,3,1,2,0.31597488753254216,-0.3441826620223761,-0.013103474579113627,0.9630964294633657,-0.0456049238785397,0.03585603688667788
2019/1/25,幸福綠皮書,43492877,0,97335,0,-1,12916,763747,-1,34239.0,20232.0,103118.0,34239.0,16500,38700.0,33900.0,9170.0,788,9,1,3,0.4227215365929272,-0.510250449188728,-0.12891259766664395,-0.12438859442599441,-0.06196645705570284,0.033670281046436615
2019/1/25,真寵,10193205,0,105560,3,-1,134812,267209,-1,13915.0,12321.0,135069.0,5908.0,53600,394000.0,440000.0,48600.0,304,14,1,2,0.19014383514162883,-0.14842490652083026,-0.09868185188050116,-0.31858234869195157,-0.04957641095123878,0.03098569791282472
2019/1/25,辛德勒的名單(25週年數位經典版),1053074,0,31607,3,60356,31814,-1,-1,1093981.0,6107.0,1851.0,16.0,184000,98500.0,382000.0,4160000.0,304,6,1,0,0.36543479893057373,-0.4211283845496342,-0.09868185188050116,0.14748266154634562,-0.047349117797490674,0.035804945893563644
2019/1/25,老人與槍,1248126,0,30775,0,-1,9682,532,-1,8044.0,191322.0,9705.0,8044.0,19800,59000.0,67000.0,11400.0,58,3,1,0,0.15351460279250395,-0.09144011481668791,0.11007312137228496,0.9630964294633657,-0.04242216463904287,0.03690979697350961
2019/1/23,寒單,49291780,480,501501,3,-1,33775,31178,-1,1271.0,395851.0,54533.0,,43800,234000.0,197000.0,6990.0,1361,118,1,3,-0.06393227174479497,0.24684611335541187,-0.13690677135696008,-0.6266592198664191,-0.0025012782279833896,0.09966623795222804
2019/1/18,貓影特工,2283665,0,79768,3,-1,-1,-1,-1,,,,,30300,,,,240,74,1,1,-1.171549043973133,1.9699865398829444,-0.08555687795241271,-0.6020002603233485,-0.04708369746757379,0.005092422915118721
2019/1/18,企鵝公路,4082250,0,48666,5,-1,25468,3284,-1,,4083.0,13900.0,,1380000,233000.0,85700.0,351000.0,817,17,1,1,0.3581244406160847,-0.40975552142590604,-0.12958658700187223,-0.38026742357643206,-0.05869370189657179,0.031354691475017245
2019/1/18,鎖命危機,5100367,0,47091,3,494,2192592,-1,494,,,,,121000,344000.0,,1010.0,122,12,1,1,-0.13334148994757922,0.35482735096187146,-0.025257305110662074,-0.2603242224121644,-0.043851697440598185,0.033339951319303535
2019/1/18,魔劍少年,6000393,0,829856,5,20423,65180,1336209,20423,5387.0,678806.0,3330522.0,5387.0,17600,53300.0,676000.0,81300.0,336,56,1,2,-0.5120908764658711,0.9440549572928698,-0.10336934256910417,-0.5807439169509938,-0.03771152000293352,0.04887293556386466
2019/1/18,巧虎電影魔法島大冒險,9497562,0,0,5,411,-1,-1,-1,130.0,,,130.0,2050,1260000.0,59700.0,2140.0,0,0,1,2,-6.602381011680003,-0.6350750276742058,-0.14790050411083283,-0.6681311063706744,-0.041264837054781754,0.03800802612317448
2019/1/16,異裂,92205911,0,370935,6,1618,3631369,761077,1618,184133.0,33053.0,57802.0,184133.0,32900,94000.0,771000.0,47900.0,2136,67,1,3,0.28686230060035,-0.29889165820096086,-0.14089560229528003,-0.5950910674527323,0.1449422955791883,0.14516323028100253
2019/1/11,速成家庭,11226251,0,240641,0,3473,13835064,202099,3473,3853.0,3898339.0,95499.0,3853.0,149000,93000.0,430000.0,34600.0,369,17,1,2,0.19002806399275296,-0.1482447991480866,-0.10735180417039698,-0.38026742357643206,-0.07171325519806354,0.012272639829771323
2019/1/11,借來的100天,3492512,0,89920,4,2136,2611157,-1,2136,2150.0,,,2150.0,3580000,554000.0,,,517,8,1,1,0.39468565477712203,-0.46663449594438433,-0.11895955579744633,-0.056420780432909365,-0.05438428286185113,0.03428360882566122
2019/1/11,玩命貼圖,3254984,0,36618,4,-1,22155,523334,-1,,44600.0,705118.0,,19400,2200000.0,292000.0,453.0,119,20,1,1,-0.5193933826232018,0.9554156046667337,-0.022165459757716603,-0.4234469759955684,-0.043690558452499376,0.030528615882082118
2019/1/11,為了與你相聚,18041604,0,161106,5,73995,1670993,378002,12730,421.0,213393.0,353857.0,1699.0,527000,67100.0,224000.0,77000.0,896,15,1,2,0.38596507834250665,-0.45306772973617837,-0.1312013185326846,-0.3418855992038664,-0.07505218195993131,0.027630813488893954
2019/1/11,賭命運轉手,15852216,0,906651,0,50972,50972,349027,-1,126934.0,126934.0,75043.0,15611.0,121000,104000.0,233000.0,5290.0,399,13,1,2,0.27875990565538195,-0.2862866086644876,-0.1104005786020087,-0.29169398271666513,-0.037586176771112936,0.040206916311072254
2019/1/11,機動戰士鋼彈NT,2790936,0,40220,5,-1,-1,-1,-1,,,97200.0,1182.0,8870,12700.0,162000.0,89800.0,91,3,1,1,0.276191357347306,-0.2822906693304974,0.016522246197088412,0.9630964294633657,-0.043144791710175615,0.03687099948934318
2019/1/11,窒息,2852847,882,132896,1,727,387287,32151,-1,91590.0,99602.0,73391.0,96.0,248000,162000.0,67500.0,43700.0,241,10,1,1,0.21987626461896212,-0.1946802111495233,-0.08581556519788333,-0.17876284562046235,-0.048885083513089816,0.03220712615636954
2019/1/11,搖擺男孩,5059694,0,41303,0,-1,117097,318209,-1,,6680000.0,1686.0,,313000,7890000.0,29900.0,12700.0,234,7,1,1,0.2965783531061301,-0.3140071054194891,-0.08395832343553013,0.03096640898677132,-0.046118667898710684,0.03534417333485209
2019/1/11,大象席地而坐,7051988,0,50126,3,-1,30777,17160,-1,,826.0,,,8950000,4740000.0,6320000.0,3180000.0,479,10,1,2,0.3576540337777292,-0.40902370058280435,-0.1166636141775952,-0.17876284562046235,-0.05154117739352654,0.03407210517781411
2019/1/11,捍衛生死線,11243585,0,66065,4,-1,350931,261272,-1,,252746.0,16278.0,730.0,56500,113000.0,1220000.0,37800.0,481,6,1,2,0.41541737479021745,-0.4988872260959364,-0.11679349729582071,0.14748266154634562,-0.05226512172263589,0.035490618753416615
2019/1/4,私人戰爭,3546081,0,41721,0,3166,158000,1200000,365,6024.0,5883.0,37778.0,4539.0,56400,125000.0,132000.0,6900.0,103,7,1,1,0.05079957542513261,0.06835560199294605,-0.002633802382475253,0.03096640898677132,-0.04340471154197874,0.0353399850112178
2019/1/4,旅貓日記,1909338,0,34315,3,-1,437000,760000,-1,3416.0,91100.0,,58100.0,257000,204000.0,94400.0,86300.0,267,1,1,0,0.4764450223468712,-0.5938290952310359,-0.09186128958641024,4.225551501131447,-0.04666155295157963,0.03763720736462921
2019/1/4,邊境奇譚,2369010,0,42390,1,437000,1265,98,437000,2409936.0,3.0,,2409936.0,52400,5740.0,9630.0,11200.0,341,16,1,1,0.1845109363854192,-0.13966169905708398,-0.10402229215182747,-0.3622759434017919,-0.048367148153726426,0.031894261755987335
2019/1/4,盜王之王,1561061,0,37088,3,-1,135000,5230,-1,51358.0,6492.0,604103.0,32.0,362000,826000.0,371000.0,3880.0,71,1,1,0,0.40427222258255224,-0.4815485013579623,0.06283851388946059,4.225551501131447,-0.04271463099239096,0.0376334058020014
